RowID,Label
1,6
2,5
3,9
4,0
5,3
6,20
7,9
8,13
9,3
10,7
11,8
12,8
13,20
14,11
15,7
16,4
17,21
18,0
19,7
20,7
21,2
22,0
23,20
24,4
25,9
26,14
27,2
28,14
29,7
30,1
31,7
32,8
33,12
34,18
35,3
36,20
37,12
38,3
39,11
40,13
41,14
42,14
43,8
44,14
45,13
46,5
47,16
48,4
49,7
50,12
51,19
52,21
53,16
54,5
55,15
56,15
57,20
58,4
59,6
60,21
61,9
62,12
63,10
64,21
65,2
66,9
67,1
68,4
69,17
70,4
71,19
72,6
73,14
74,4
75,3
76,19
77,14
78,10
79,2
80,2
81,16
82,2
83,4
84,21
85,22
86,7
87,11
88,10
89,23
90,4
91,2
92,1
93,7
94,18
95,8
96,5
97,0
98,0
99,18
100,20
101,8
102,4
103,2
104,16
105,15
106,1
107,14
108,4
109,22
110,6
111,4
112,5
113,0
114,23
115,2
116,7
117,12
118,23
119,15
120,17
121,4
122,8
123,8
124,4
125,4
126,8
127,6
128,21
129,4
130,14
131,10
132,20
133,2
134,14
135,22
136,22
137,4
138,20
139,21
140,3
141,14
142,17
143,7
144,16
145,20
146,6
147,1
148,7
149,9
150,5
151,4
152,20
153,3
154,20
155,4
156,22
157,2
158,9
159,7
160,5
161,13
162,20
163,8
164,4
165,17
166,22
167,12
168,3
169,6
170,8
171,4
172,14
173,4
174,15
175,3
176,16
177,11
178,7
179,20
180,1
181,12
182,15
183,23
184,22
185,2
186,7
187,8
188,23
189,1
190,11
191,22
192,3
193,0
194,14
195,12
196,14
197,12
198,5
199,15
200,10
201,7
202,6
203,5
204,9
205,22
206,12
207,3
208,7
209,16
210,13
211,3
212,18
213,13
214,12
215,11
216,6
217,3
218,14
219,4
220,9
221,4
222,14
223,5
224,6
225,16
226,1
227,2
228,14
229,10
230,17
231,17
232,6
233,5
234,10
235,5
236,1
237,20
238,17
239,22
240,23
241,9
242,23
243,7
244,11
245,23
246,1
247,14
248,4
249,9
250,21
251,15
252,1
253,23
254,11
255,23
256,1
257,21
258,18
259,4
260,14
261,9
262,11
263,3
264,12
265,15
266,8
267,7
268,19
269,13
270,6
271,9
272,16
273,19
274,12
275,7
276,4
277,19
278,6
279,0
280,14
281,18
282,2
283,6
284,23
285,6
286,13
287,4
288,23
289,20
290,9
291,6
292,1
293,23
294,1
295,9
296,2
297,7
298,11
299,14
300,23
301,19
302,12
303,2
304,4
305,1
306,4
307,4
308,8
309,20
310,0
311,0
312,12
313,20
314,16
315,20
316,15
317,2
318,22
319,2
320,3
321,14
322,11
323,2
324,5
325,5
326,21
327,20
328,13
329,14
330,17
331,7
332,3
333,1
334,7
335,19
336,5
337,11
338,3
339,12
340,18
341,19
342,4
343,1
344,23
345,3
346,16
347,17
348,14
349,6
350,4
351,1
352,23
353,2
354,8
355,4
356,23
357,6
358,1
359,4
360,7
361,23
362,17
363,11
364,19
365,1
366,6
367,20
368,22
369,10
370,22
371,2
372,14
373,3
374,22
375,2
376,23
377,18
378,14
379,9
380,16
381,12
382,7
383,20
384,17
385,12
386,0
387,22
388,16
389,5
390,9
391,4
392,3
393,19
394,13
395,6
396,8
397,10
398,19
399,7
400,11
401,21
402,0
403,7
404,4
405,9
406,4
407,4
408,1
409,10
410,13
411,19
412,20
413,3
414,4
415,23
416,10
417,1
418,9
419,21
420,7
421,15
422,1
423,14
424,17
425,23
426,17
427,0
428,7
429,18
430,7
431,21
432,7
433,1
434,5
435,13
436,16
437,2
438,17
439,1
440,14
441,21
442,6
443,20
444,14
445,7
446,12
447,5
448,21
449,1
450,4
451,23
452,23
453,4
454,7
455,20
456,11
457,6
458,20
459,17
460,10
461,7
462,3
463,3
464,11
465,0
466,4
467,1
468,6
469,18
470,9
471,15
472,11
473,0
474,19
475,12
476,16
477,20
478,2
479,2
480,18
481,12
482,22
483,5
484,2
485,6
486,0
487,14
488,1
489,10
490,20
491,1
492,11
493,0
494,11
495,20
496,23
497,23
498,21
499,23
500,7
501,1
502,12
503,21
504,7
505,11
506,17
507,4
508,1
509,23
510,1
511,1
512,8
513,20
514,19
515,14
516,5
517,14
518,22
519,11
520,17
521,0
522,4
523,17
524,4
525,17
526,22
527,5
528,5
529,6
530,7
531,18
532,22
533,14
534,4
535,13
536,18
537,17
538,4
539,22
540,3
541,10
542,10
543,5
544,0
545,6
546,14
547,17
548,7
549,11
550,8
551,13
552,2
553,3
554,20
555,19
556,6
557,2
558,11
559,7
560,23
561,5
562,18
563,4
564,4
565,14
566,19
567,16
568,4
569,14
570,15
571,12
572,19
573,16
574,12
575,7
576,20
577,11
578,4
579,14
580,8
581,1
582,6
583,21
584,16
585,12
586,19
587,22
588,7
589,22
590,8
591,8
592,2
593,2
594,10
595,2
596,17
597,15
598,4
599,21
600,0
601,6
602,0
603,22
604,4
605,6
606,12
607,4
608,16
609,18
610,1
611,18
612,20
613,7
614,6
615,14
616,8
617,13
618,16
619,14
620,0
621,10
622,21
623,11
624,12
625,20
626,4
627,7
628,17
629,17
630,16
631,1
632,15
633,14
634,8
635,14
636,14
637,18
638,14
639,20
640,4
641,16
642,16
643,0
644,9
645,11
646,6
647,2
648,2
649,5
650,9
651,5
652,11
653,4
654,4
655,9
656,7
657,10
658,0
659,3
660,10
661,11
662,7
663,4
664,4
665,5
666,11
667,20
668,15
669,15
670,23
671,4
672,2
673,17
674,4
675,23
676,9
677,3
678,0
679,22
680,4
681,14
682,4
683,18
684,19
685,11
686,10
687,15
688,11
689,14
690,17
691,18
692,3
693,4
694,19
695,5
696,17
697,23
698,3
699,7
700,2
701,1
702,16
703,0
704,4
705,6
706,14
707,14
708,4
709,14
710,5
711,3
712,5
713,23
714,11
715,8
716,10
717,19
718,14
719,15
720,19
721,17
722,20
723,22
724,7
725,4
726,14
727,11
728,6
729,23
730,7
731,7
732,22
733,14
734,1
735,4
736,14
737,13
738,12
739,0
740,18
741,6
742,1
743,10
744,9
745,7
746,9
747,9
748,1
749,6
750,19
751,19
752,11
753,10
754,7
755,2
756,14
757,16
758,15
759,6
760,3
761,0
762,11
763,16
764,23
765,5
766,4
767,4
768,14
769,23
770,4
771,7
772,12
773,16
774,10
775,1
776,18
777,18
778,6
779,10
780,9
781,17
782,6
783,14
784,5
785,23
786,18
787,3
788,21
789,6
790,5
791,5
792,9
793,0
794,1
795,7
796,4
797,23
798,6
799,2
800,13
801,21
802,1
803,10
804,18
805,14
806,4
807,16
808,15
809,6
810,3
811,4
812,8
813,6
814,2
815,4
816,13
817,0
818,9
819,23
820,12
821,2
822,11
823,13
824,22
825,7
826,15
827,4
828,16
829,23
830,1
831,23
832,0
833,5
834,7
835,22
836,2
837,21
838,7
839,20
840,6
841,20
842,21
843,12
844,17
845,23
846,7
847,14
848,19
849,12
850,23
851,9
852,3
853,8
854,1
855,1
856,3
857,1
858,4
859,0
860,18
861,6
862,14
863,10
864,7
865,12
866,14
867,0
868,9
869,11
870,0
871,7
872,19
873,5
874,5
875,4
876,22
877,1
878,16
879,4
880,19
881,18
882,5
883,4
884,19
885,22
886,4
887,14
888,9
889,9
890,20
891,14
892,19
893,3
894,8
895,7
896,7
897,4
898,1
899,6
900,8
901,21
902,2
903,21
904,1
905,17
906,1
907,13
908,15
909,13
910,2
911,11
912,9
913,5
914,11
915,23
916,1
917,1
918,23
919,12
920,7
921,17
922,20
923,6
924,7
925,11
926,4
927,20
928,18
929,4
930,4
931,6
932,12
933,1
934,14
935,0
936,8
937,0
938,2
939,11
940,7
941,20
942,8
943,12
944,9
945,2
946,1
947,18
948,2
949,23
950,20
951,17
952,23
953,3
954,17
955,0
956,6
957,1
958,10
959,20
960,13
961,15
962,0
963,15
964,23
965,12
966,7
967,23
968,18
969,4
970,15
971,0
972,0
973,6
974,21
975,9
976,1
977,4
978,5
979,7
980,5
981,15
982,4
983,10
984,5
985,0
986,17
987,16
988,20
989,7
990,14
991,11
992,15
993,2
994,21
995,1
996,5
997,23
998,4
999,5
1000,7
1001,3
1002,20
1003,6
1004,0
1005,4
1006,20
1007,18
1008,23
1009,22
1010,17
1011,10
1012,15
1013,1
1014,16
1015,17
1016,14
1017,1
1018,5
1019,16
1020,0
1021,20
1022,19
1023,5
1024,21
1025,16
1026,6
1027,7
1028,5
1029,19
1030,9
1031,4
1032,6
1033,11
1034,11
1035,5
1036,2
1037,6
1038,10
1039,4
1040,17
1041,16
1042,9
1043,14
1044,16
1045,0
1046,15
1047,23
1048,1
1049,9
1050,19
1051,20
1052,6
1053,14
1054,7
1055,9
1056,9
1057,1
1058,0
1059,12
1060,0
1061,1
1062,13
1063,5
1064,18
1065,15
1066,2
1067,11
1068,10
1069,16
1070,5
1071,1
1072,14
1073,7
1074,4
1075,2
1076,2
1077,0
1078,2
1079,4
1080,12
1081,4
1082,17
1083,4
1084,19
1085,20
1086,15
1087,0
1088,23
1089,23
1090,17
1091,12
1092,3
1093,4
1094,8
1095,23
1096,23
1097,9
1098,12
1099,4
1100,1
1101,7
1102,15
1103,18
1104,13
1105,10
1106,20
1107,0
1108,23
1109,15
1110,7
1111,5
1112,5
1113,10
1114,1
1115,4
1116,19
1117,7
1118,10
1119,3
1120,4
1121,16
1122,20
1123,11
1124,16
1125,7
1126,14
1127,4
1128,2
1129,4
1130,9
1131,15
1132,14
1133,21
1134,9
1135,18
1136,17
1137,11
1138,0
1139,4
1140,1
1141,11
1142,19
1143,5
1144,16
1145,10
1146,0
1147,3
1148,20
1149,2
1150,1
1151,19
1152,4
1153,3
1154,19
1155,2
1156,3
1157,12
1158,10
1159,14
1160,4
1161,5
1162,18
1163,4
1164,20
1165,9
1166,21
1167,14
1168,15
1169,10
1170,20
1171,7
1172,7
1173,4
1174,19
1175,13
1176,23
1177,5
1178,13
1179,6
1180,2
1181,18
1182,5
1183,12
1184,23
1185,17
1186,10
1187,14
1188,16
1189,4
1190,11
1191,0
1192,14
1193,5
1194,1
1195,17
1196,21
1197,5
1198,15
1199,1
1200,10
1201,1
1202,7
1203,12
1204,18
1205,7
1206,15
1207,21
1208,6
1209,4
1210,2
1211,12
1212,1
1213,12
1214,3
1215,11
1216,11
1217,3
1218,23
1219,7
1220,15
1221,18
1222,7
1223,3
1224,13
1225,20
1226,23
1227,3
1228,8
1229,23
1230,20
1231,4
1232,18
1233,20
1234,4
1235,4
1236,18
1237,0
1238,0
1239,15
1240,22
1241,0
1242,1
1243,17
1244,5
1245,14
1246,14
1247,7
1248,10
1249,8
1250,19
1251,19
1252,13
1253,2
1254,1
1255,4
1256,23
1257,5
1258,13
1259,23
1260,20
1261,1
1262,23
1263,3
1264,18
1265,2
1266,20
1267,8
1268,19
1269,2
1270,3
1271,2
1272,8
1273,19
1274,1
1275,23
1276,9
1277,18
1278,23
1279,14
1280,6
1281,10
1282,7
1283,12
1284,14
1285,19
1286,3
1287,19
1288,2
1289,18
1290,13
1291,18
1292,5
1293,3
1294,22
1295,16
1296,4
1297,12
1298,19
1299,7
1300,1
1301,14
1302,12
1303,10
1304,13
1305,7
1306,3
1307,2
1308,3
1309,0
1310,18
1311,20
1312,9
1313,7
1314,7
1315,23
1316,1
1317,5
1318,2
1319,5
1320,1
1321,10
1322,10
1323,12
1324,20
1325,7
1326,22
1327,5
1328,7
1329,8
1330,10
1331,1
1332,18
1333,0
1334,14
1335,14
1336,5
1337,4
1338,19
1339,15
1340,14
1341,6
1342,17
1343,4
1344,5
1345,6
1346,9
1347,14
1348,20
1349,22
1350,10
1351,4
1352,20
1353,13
1354,12
1355,20
1356,14
1357,22
1358,9
1359,7
1360,12
1361,6
1362,14
1363,5
1364,17
1365,15
1366,15
1367,15
1368,2
1369,19
1370,17
1371,12
1372,11
1373,1
1374,20
1375,19
1376,5
1377,7
1378,8
1379,5
1380,2
1381,4
1382,16
1383,7
1384,16
1385,4
1386,1
1387,1
1388,11
1389,20
1390,18
1391,12
1392,12
1393,4
1394,19
1395,10
1396,6
1397,22
1398,20
1399,12
1400,2
1401,21
1402,7
1403,20
1404,17
1405,17
1406,19
1407,0
1408,10
1409,10
1410,19
1411,13
1412,22
1413,14
1414,3
1415,10
1416,4
1417,23
1418,3
1419,15
1420,4
1421,7
1422,20
1423,3
1424,1
1425,2
1426,7
1427,1
1428,6
1429,1
1430,17
1431,9
1432,19
1433,1
1434,4
1435,9
1436,7
1437,2
1438,9
1439,20
1440,7
1441,2
1442,23
1443,5
1444,2
1445,12
1446,11
1447,4
1448,10
1449,6
1450,14
1451,0
1452,9
1453,19
1454,4
1455,2
1456,17
1457,14
1458,15
1459,18
1460,7
1461,20
1462,3
1463,12
1464,23
1465,4
1466,14
1467,13
1468,0
1469,0
1470,14
1471,15
1472,10
1473,11
1474,1
1475,0
1476,0
1477,9
1478,14
1479,15
1480,0
1481,2
1482,4
1483,20
1484,5
1485,4
1486,15
1487,23
1488,0
1489,1
1490,11
1491,19
1492,9
1493,4
1494,4
1495,7
1496,0
1497,22
1498,7
1499,21
1500,18
1501,17
1502,6
1503,6
1504,21
1505,22
1506,23
1507,3
1508,19
1509,0
1510,20
1511,17
1512,16
1513,23
1514,23
1515,0
1516,7
1517,0
1518,0
1519,14
1520,21
1521,17
1522,1
1523,12
1524,14
1525,11
1526,21
1527,7
1528,1
1529,7
1530,16
1531,1
1532,20
1533,7
1534,20
1535,20
1536,15
1537,23
1538,3
1539,12
1540,21
1541,4
1542,10
1543,4
1544,4
1545,15
1546,20
1547,14
1548,19
1549,18
1550,23
1551,15
1552,15
1553,10
1554,20
1555,6
1556,6
1557,17
1558,5
1559,5
1560,8
1561,21
1562,16
1563,13
1564,16
1565,9
1566,5
1567,2
1568,4
1569,7
1570,4
1571,14
1572,5
1573,7
1574,16
1575,3
1576,23
1577,5
1578,12
1579,21
1580,23
1581,22
1582,10
1583,8
1584,5
1585,15
1586,5
1587,14
1588,5
1589,1
1590,18
1591,11
1592,7
1593,20
1594,3
1595,1
1596,10
1597,20
1598,20
1599,4
1600,12
1601,16
1602,14
1603,23
1604,20
1605,4
1606,19
1607,13
1608,14
1609,9
1610,3
1611,13
1612,22
1613,5
1614,17
1615,11
1616,4
1617,19
1618,7
1619,12
1620,18
1621,12
1622,6
1623,14
1624,7
1625,6
1626,17
1627,18
1628,13
1629,10
1630,4
1631,4
1632,2
1633,11
1634,20
1635,7
1636,1
1637,7
1638,17
1639,4
1640,21
1641,21
1642,9
1643,7
1644,3
1645,0
1646,1
1647,23
1648,18
1649,19
1650,20
1651,0
1652,11
1653,7
1654,12
1655,8
1656,1
1657,19
1658,0
1659,1
1660,19
1661,7
1662,10
1663,4
1664,17
1665,2
1666,10
1667,14
1668,19
1669,2
1670,10
1671,11
1672,19
1673,5
1674,7
1675,12
1676,21
1677,20
1678,14
1679,1
1680,9
1681,13
1682,0
1683,9
1684,18
1685,4
1686,23
1687,5
1688,21
1689,11
1690,9
1691,22
1692,3
1693,11
1694,7
1695,12
1696,14
1697,10
1698,23
1699,4
1700,1
1701,7
1702,0
1703,20
1704,7
1705,18
1706,21
1707,23
1708,9
1709,4
1710,12
1711,1
1712,7
1713,10
1714,14
1715,13
1716,10
1717,14
1718,20
1719,22
1720,7
1721,23
1722,22
1723,15
1724,15
1725,9
1726,15
1727,0
1728,7
1729,18
1730,14
1731,12
1732,22
1733,21
1734,11
1735,3
1736,7
1737,23
1738,10
1739,10
1740,1
1741,1
1742,1
1743,2
1744,13
1745,9
1746,12
1747,18
1748,19
1749,7
1750,0
1751,13
1752,14
1753,19
1754,5
1755,15
1756,4
1757,2
1758,7
1759,21
1760,19
1761,0
1762,11
1763,20
1764,18
1765,0
1766,4
1767,20
1768,6
1769,2
1770,23
1771,21
1772,9
1773,4
1774,12
1775,20
1776,22
1777,14
1778,5
1779,22
1780,5
1781,23
1782,23
1783,21
1784,8
1785,2
1786,5
1787,19
1788,19
1789,5
1790,7
1791,0
1792,1
1793,1
1794,21
1795,12
1796,8
1797,21
1798,12
1799,15
1800,5
1801,21
1802,7
1803,2
1804,22
1805,20
1806,7
1807,13
1808,22
1809,7
1810,14
1811,7
1812,12
1813,9
1814,4
1815,10
1816,3
1817,4
1818,17
1819,8
1820,10
1821,2
1822,4
1823,17
1824,4
1825,2
1826,9
1827,11
1828,5
1829,20
1830,10
1831,16
1832,22
1833,14
1834,7
1835,16
1836,8
1837,11
1838,16
1839,1
1840,23
1841,14
1842,4
1843,12
1844,16
1845,15
1846,19
1847,1
1848,16
1849,13
1850,4
1851,10
1852,3
1853,23
1854,18
1855,17
1856,4
1857,6
1858,15
1859,17
1860,11
1861,16
1862,4
1863,1
1864,3
1865,3
1866,0
1867,23
1868,13
1869,2
1870,20
1871,16
1872,6
1873,13
1874,4
1875,20
1876,15
1877,1
1878,6
1879,4
1880,16
1881,4
1882,3
1883,20
1884,1
1885,17
1886,16
1887,0
1888,12
1889,4
1890,18
1891,12
1892,12
1893,22
1894,12
1895,23
1896,7
1897,22
1898,9
1899,4
1900,2
1901,21
1902,9
1903,14
1904,16
1905,13
1906,1
1907,12
1908,4
1909,1
1910,17
1911,6
1912,1
1913,2
1914,12
1915,23
1916,3
1917,21
1918,15
1919,2
1920,21
1921,18
1922,15
1923,22
1924,11
1925,5
1926,12
1927,15
1928,7
1929,4
1930,2
1931,1
1932,20
1933,13
1934,4
1935,1
1936,4
1937,5
1938,10
1939,16
1940,1
1941,7
1942,8
1943,2
1944,3
1945,12
1946,0
1947,10
1948,12
1949,4
1950,14
1951,15
1952,10
1953,22
1954,4
1955,22
1956,0
1957,20
1958,16
1959,2
1960,7
1961,16
1962,11
1963,2
1964,18
1965,18
1966,17
1967,20
1968,6
1969,17
1970,11
1971,4
1972,19
1973,4
1974,5
1975,22
1976,23
1977,17
1978,23
1979,8
1980,6
1981,19
1982,21
1983,10
1984,2
1985,0
1986,2
1987,21
1988,8
1989,4
1990,22
1991,4
1992,8
1993,11
1994,23
1995,13
1996,16
1997,4
1998,4
1999,23
2000,13
2001,2
2002,2
2003,17
2004,6
2005,23
2006,4
2007,17
2008,15
2009,22
2010,22
2011,2
2012,1
2013,14
2014,16
2015,3
2016,9
2017,18
2018,17
2019,10
2020,9
2021,4
2022,15
2023,14
2024,17
2025,17
2026,0
2027,4
2028,10
2029,4
2030,2
2031,7
2032,6
2033,22
2034,5
2035,21
2036,3
2037,22
2038,18
2039,21
2040,16
2041,14
2042,15
2043,12
2044,6
2045,20
2046,1
2047,21
2048,13
2049,6
2050,7
2051,18
2052,11
2053,23
2054,8
2055,0
2056,3
2057,13
2058,11
2059,23
2060,1
2061,1
2062,1
2063,21
2064,2
2065,19
2066,12
2067,17
2068,7
2069,2
2070,4
2071,0
2072,0
2073,7
2074,10
2075,6
2076,23
2077,16
2078,12
2079,18
2080,14
2081,3
2082,20
2083,4
2084,22
2085,18
2086,10
2087,3
2088,6
2089,11
2090,4
2091,21
2092,14
2093,1
2094,15
2095,7
2096,18
2097,6
2098,5
2099,2
2100,17
2101,11
2102,22
2103,5
2104,17
2105,12
2106,2
2107,6
2108,1
2109,17
2110,0
2111,9
2112,4
2113,19
2114,6
2115,8
2116,7
2117,20
2118,21
2119,2
2120,2
2121,23
2122,15
2123,21
2124,7
2125,5
2126,23
2127,4
2128,10
2129,3
2130,2
2131,15
2132,10
2133,15
2134,20
2135,23
2136,13
2137,23
2138,19
2139,1
2140,11
2141,7
2142,20
2143,15
2144,4
2145,15
2146,2
2147,16
2148,21
2149,4
2150,11
2151,22
2152,4
2153,11
2154,22
2155,10
2156,2
2157,14
2158,15
2159,14
2160,18
2161,15
2162,7
2163,12
2164,22
2165,16
2166,5
2167,2
2168,20
2169,7
2170,19
2171,21
2172,16
2173,1
2174,19
2175,5
2176,4
2177,4
2178,9
2179,2
2180,3
2181,6
2182,20
2183,14
2184,4
2185,6
2186,0
2187,13
2188,20
2189,11
2190,13
2191,16
2192,20
2193,15
2194,4
2195,20
2196,17
2197,10
2198,4
2199,3
2200,13
2201,1
2202,16
2203,5
2204,21
2205,23
2206,4
2207,5
2208,20
2209,22
2210,20
2211,15
2212,12
2213,15
2214,6
2215,22
2216,23
2217,7
2218,2
2219,4
2220,22
2221,14
2222,7
2223,15
2224,23
2225,0
2226,21
2227,10
2228,17
2229,23
2230,6
2231,5
2232,10
2233,11
2234,4
2235,11
2236,3
2237,6
2238,0
2239,22
2240,23
2241,6
2242,1
2243,7
2244,7
2245,0
2246,6
2247,4
2248,6
2249,5
2250,22
2251,10
2252,20
2253,8
2254,9
2255,19
2256,2
2257,0
2258,4
2259,19
2260,23
2261,7
2262,18
2263,23
2264,7
2265,4
2266,7
2267,5
2268,17
2269,16
2270,20
2271,10
2272,5
2273,2
2274,7
2275,19
2276,3
2277,23
2278,7
2279,7
2280,9
2281,15
2282,13
2283,9
2284,7
2285,2
2286,2
2287,3
2288,11
2289,22
2290,13
2291,18
2292,6
2293,17
2294,6
2295,20
2296,2
2297,10
2298,10
2299,22
2300,13
2301,0
2302,2
2303,5
2304,11
2305,11
2306,9
2307,2
2308,6
2309,19
2310,20
2311,3
2312,19
2313,9
2314,10
2315,12
2316,14
2317,9
2318,4
2319,15
2320,5
2321,2
2322,21
2323,16
2324,0
2325,1
2326,7
2327,22
2328,22
2329,20
2330,8
2331,18
2332,21
2333,11
2334,23
2335,20
2336,3
2337,16
2338,21
2339,11
2340,11
2341,19
2342,17
2343,5
2344,1
2345,12
2346,4
2347,18
2348,3
2349,10
2350,4
2351,12
2352,4
2353,4
2354,9
2355,15
2356,22
2357,12
2358,11
2359,9
2360,4
2361,17
2362,15
2363,7
2364,23
2365,19
2366,16
2367,13
2368,1
2369,3
2370,7
2371,2
2372,1
2373,19
2374,14
2375,15
2376,23
2377,7
2378,15
2379,11
2380,11
2381,4
2382,19
2383,6
2384,6
2385,14
2386,14
2387,14
2388,21
2389,11
2390,4
2391,5
2392,1
2393,9
2394,16
2395,5
2396,5
2397,14
2398,8
2399,6
2400,9
2401,9
2402,9
2403,18
2404,7
2405,10
2406,16
2407,7
2408,23
2409,4
2410,7
2411,10
2412,5
2413,2
2414,9
2415,4
2416,21
2417,15
2418,22
2419,21
2420,18
2421,2
2422,9
2423,14
2424,2
2425,4
2426,9
2427,18
2428,5
2429,20
2430,9
2431,13
2432,12
2433,7
2434,11
2435,16
2436,14
2437,2
2438,19
2439,4
2440,7
2441,12
2442,1
2443,14
2444,0
2445,2
2446,18
2447,16
2448,4
2449,19
2450,4
2451,3
2452,20
2453,10
2454,20
2455,20
2456,5
2457,4
2458,10
2459,4
2460,16
2461,1
2462,14
2463,7
2464,8
2465,19
2466,4
2467,5
2468,10
2469,14
2470,2
2471,4
2472,14
2473,5
2474,5
2475,2
2476,23
2477,4
2478,13
2479,14
2480,14
2481,10
2482,22
2483,4
2484,5
2485,4
2486,2
2487,0
2488,11
2489,18
2490,6
2491,19
2492,15
2493,20
2494,18
2495,19
2496,15
2497,9
2498,14
2499,21
2500,11
2501,15
2502,3
2503,10
2504,2
2505,8
2506,20
2507,4
2508,10
2509,5
2510,4
2511,19
2512,14
2513,19
2514,13
2515,14
2516,1
2517,10
2518,19
2519,16
2520,4
2521,10
2522,4
2523,10
2524,10
2525,1
2526,2
2527,8
2528,4
2529,9
2530,18
2531,12
2532,1
2533,19
2534,10
2535,11
2536,19
2537,4
2538,12
2539,4
2540,17
2541,9
2542,19
2543,1
2544,21
2545,5
2546,13
2547,21
2548,22
2549,16
2550,17
2551,15
2552,23
2553,11
2554,17
2555,23
2556,6
2557,3
2558,20
2559,8
2560,1
2561,23
2562,14
2563,23
2564,23
2565,23
2566,0
2567,18
2568,0
2569,21
2570,10
2571,17
2572,22
2573,6
2574,7
2575,0
2576,11
2577,23
2578,13
2579,13
2580,12
2581,17
2582,10
2583,17
2584,11
2585,2
2586,19
2587,7
2588,5
2589,15
2590,3
2591,16
2592,21
2593,22
2594,3
2595,20
2596,8
2597,15
2598,17
2599,0
2600,4
2601,12
2602,5
2603,6
2604,4
2605,6
2606,3
2607,15
2608,4
2609,18
2610,2
2611,6
2612,4
2613,22
2614,11
2615,14
2616,16
2617,19
2618,23
2619,12
2620,4
2621,19
2622,0
2623,0
2624,5
2625,5
2626,10
2627,23
2628,22
2629,19
2630,11
2631,6
2632,6
2633,7
2634,6
2635,14
2636,10
2637,18
2638,14
2639,7
2640,6
2641,7
2642,12
2643,4
2644,1
2645,2
2646,0
2647,14
2648,20
2649,2
2650,6
2651,10
2652,21
2653,17
2654,1
2655,13
2656,18
2657,19
2658,4
2659,23
2660,4
2661,9
2662,10
2663,11
2664,1
2665,9
2666,9
2667,5
2668,13
2669,6
2670,16
2671,6
2672,12
2673,6
2674,7
2675,17
2676,4
2677,6
2678,4
2679,22
2680,16
2681,12
2682,18
2683,5
2684,12
2685,16
2686,18
2687,3
2688,4
2689,6
2690,16
2691,4
2692,1
2693,4
2694,4
2695,23
2696,19
2697,13
2698,12
2699,0
2700,3
2701,12
2702,15
2703,8
2704,2
2705,18
2706,5
2707,4
2708,10
2709,18
2710,12
2711,13
2712,3
2713,14
2714,2
2715,4
2716,16
2717,19
2718,18
2719,2
2720,14
2721,9
2722,9
2723,3
2724,12
2725,4
2726,17
2727,4
2728,2
2729,20
2730,15
2731,2
2732,4
2733,4
2734,4
2735,3
2736,13
2737,11
2738,0
2739,11
2740,11
2741,4
2742,4
2743,12
2744,11
2745,5
2746,9
2747,19
2748,14
2749,18
2750,15
2751,19
2752,23
2753,19
2754,12
2755,13
2756,4
2757,6
2758,0
2759,15
2760,3
2761,5
2762,4
2763,23
2764,11
2765,22
2766,11
2767,22
2768,11
2769,4
2770,7
2771,11
2772,0
2773,14
2774,21
2775,4
2776,5
2777,3
2778,20
2779,11
2780,9
2781,6
2782,0
2783,14
2784,4
2785,2
2786,7
2787,10
2788,4
2789,8
2790,3
2791,21
2792,7
2793,23
2794,8
2795,10
2796,8
2797,3
2798,7
2799,3
2800,4
2801,18
2802,23
2803,10
2804,22
2805,17
2806,0
2807,12
2808,14
2809,23
2810,5
2811,11
2812,8
2813,19
2814,23
2815,7
2816,7
2817,18
2818,2
2819,4
2820,17
2821,19
2822,1
2823,11
2824,10
2825,4
2826,3
2827,6
2828,7
2829,17
2830,2
2831,12
2832,4
2833,19
2834,18
2835,9
2836,19
2837,2
2838,14
2839,4
2840,23
2841,3
2842,11
2843,14
2844,19
2845,0
2846,4
2847,12
2848,16
2849,14
2850,14
2851,1
2852,1
2853,16
2854,20
2855,8
2856,2
2857,19
2858,12
2859,7
2860,3
2861,20
2862,14
2863,15
2864,4
2865,12
2866,4
2867,23
2868,4
2869,11
2870,9
2871,11
2872,0
2873,2
2874,1
2875,7
2876,23
2877,4
2878,19
2879,22
2880,20
2881,6
2882,1
2883,18
2884,6
2885,7
2886,2
2887,14
2888,5
2889,9
2890,1
2891,11
2892,17
2893,19
2894,0
2895,1
2896,22
2897,15
2898,4
2899,9
2900,0
2901,1
2902,0
2903,4
2904,8
2905,6
2906,12
2907,9
2908,19
2909,4
2910,2
2911,7
2912,1
2913,7
2914,19
2915,16
2916,14
2917,19
2918,20
2919,10
2920,0
2921,2
2922,20
2923,20
2924,10
2925,19
2926,12
2927,9
2928,0
2929,19
2930,4
2931,19
2932,20
2933,21
2934,20
2935,9
2936,9
2937,21
2938,11
2939,20
2940,1
2941,1
2942,16
2943,13
2944,4
2945,4
2946,0
2947,19
2948,5
2949,0
2950,12
2951,20
2952,4
2953,9
2954,13
2955,14
2956,16
2957,6
2958,10
2959,23
2960,18
2961,6
2962,7
2963,2
2964,10
2965,0
2966,1
2967,13
2968,12
2969,21
2970,11
2971,12
2972,9
2973,7
2974,20
2975,11
2976,19
2977,5
2978,15
2979,20
2980,20
2981,12
2982,4
2983,5
2984,2
2985,7
2986,5
2987,20
2988,8
2989,6
2990,20
2991,11
2992,2
2993,16
2994,20
2995,23
2996,2
2997,15
2998,0
2999,11
3000,9
3001,5
3002,1
3003,14
3004,7
3005,19
3006,19
3007,10
3008,1
3009,9
3010,10
3011,0
3012,9
3013,0
3014,12
3015,13
3016,5
3017,15
3018,12
3019,5
3020,19
3021,3
3022,7
3023,0
3024,22
3025,9
3026,14
3027,9
3028,3
3029,3
3030,16
3031,15
3032,9
3033,23
3034,19
3035,18
3036,4
3037,20
3038,3
3039,17
3040,11
3041,21
3042,5
3043,9
3044,2
3045,12
3046,16
3047,1
3048,4
3049,10
3050,10
3051,12
3052,3
3053,9
3054,16
3055,9
3056,22
3057,9
3058,23
3059,5
3060,20
3061,20
3062,15
3063,7
3064,14
3065,2
3066,20
3067,11
3068,12
3069,9
3070,9
3071,1
3072,2
3073,23
3074,23
3075,14
3076,20
3077,17
3078,15
3079,10
3080,11
3081,2
3082,21
3083,12
3084,13
3085,7
3086,9
3087,7
3088,23
3089,11
3090,1
3091,5
3092,5
3093,21
3094,7
3095,9
3096,4
3097,20
3098,5
3099,5
3100,10
3101,1
3102,3
3103,7
3104,12
3105,14
3106,7
3107,4
3108,4
3109,11
3110,5
3111,4
3112,20
3113,8
3114,17
3115,0
3116,13
3117,4
3118,0
3119,11
3120,19
3121,11
3122,4
3123,3
3124,4
3125,14
3126,11
3127,2
3128,5
3129,21
3130,11
3131,18
3132,7
3133,9
3134,21
3135,7
3136,12
3137,11
3138,6
3139,21
3140,20
3141,23
3142,10
3143,1
3144,2
3145,14
3146,14
3147,15
3148,1
3149,6
3150,20
3151,8
3152,7
3153,12
3154,14
3155,2
3156,3
3157,1
3158,18
3159,2
3160,7
3161,20
3162,9
3163,5
3164,17
3165,15
3166,2
3167,3
3168,7
3169,23
3170,7
3171,1
3172,5
3173,7
3174,15
3175,23
3176,5
3177,16
3178,22
3179,8
3180,21
3181,22
3182,5
3183,8
3184,19
3185,0
3186,2
3187,5
3188,4
3189,22
3190,7
3191,4
3192,14
3193,7
3194,11
3195,21
3196,19
3197,4
3198,3
3199,19
3200,3
3201,10
3202,2
3203,9
3204,18
3205,0
3206,16
3207,18
3208,23
3209,20
3210,10
3211,3
3212,23
3213,3
3214,1
3215,7
3216,21
3217,10
3218,18
3219,23
3220,4
3221,2
3222,7
3223,4
3224,15
3225,1
3226,14
3227,8
3228,18
3229,5
3230,11
3231,1
3232,0
3233,19
3234,8
3235,12
3236,15
3237,20
3238,6
3239,4
3240,3
3241,7
3242,15
3243,4
3244,21
3245,9
3246,9
3247,22
3248,17
3249,20
3250,18
3251,23
3252,17
3253,14
3254,12
3255,4
3256,15
3257,7
3258,17
3259,1
3260,10
3261,16
3262,0
3263,16
3264,2
3265,6
3266,4
3267,2
3268,9
3269,0
3270,15
3271,19
3272,23
3273,7
3274,2
3275,9
3276,2
3277,4
3278,2
3279,20
3280,4
3281,12
3282,4
3283,1
3284,3
3285,11
3286,22
3287,7
3288,9
3289,1
3290,2
3291,5
3292,11
3293,23
3294,15
3295,21
3296,19
3297,17
3298,10
3299,4
3300,22
3301,9
3302,1
3303,2
3304,18
3305,4
3306,7
3307,5
3308,0
3309,14
3310,10
3311,1
3312,15
3313,0
3314,1
3315,20
3316,13
3317,17
3318,13
3319,5
3320,14
3321,9
3322,2
3323,1
3324,5
3325,9
3326,0
3327,21
3328,16
3329,7
3330,2
3331,17
3332,18
3333,20
3334,18
3335,1
3336,12
3337,18
3338,1
3339,4
3340,9
3341,7
3342,19
3343,18
3344,11
3345,1
3346,19
3347,4
3348,4
3349,13
3350,12
3351,18
3352,7
3353,2
3354,19
3355,11
3356,13
3357,14
3358,11
3359,3
3360,1
3361,16
3362,5
3363,1
3364,1
3365,20
3366,18
3367,1
3368,4
3369,21
3370,7
3371,20
3372,18
3373,21
3374,10
3375,23
3376,22
3377,20
3378,10
3379,22
3380,5
3381,0
3382,1
3383,7
3384,11
3385,2
3386,12
3387,22
3388,7
3389,5
3390,5
3391,4
3392,22
3393,4
3394,1
3395,16
3396,5
3397,19
3398,12
3399,9
3400,20
3401,6
3402,20
3403,23
3404,23
3405,5
3406,11
3407,10
3408,21
3409,13
3410,5
3411,2
3412,22
3413,16
3414,22
3415,23
3416,7
3417,2
3418,20
3419,22
3420,2
3421,3
3422,15
3423,18
3424,4
3425,19
3426,22
3427,21
3428,14
3429,8
3430,20
3431,0
3432,4
3433,19
3434,10
3435,15
3436,2
3437,22
3438,10
3439,7
3440,5
3441,5
3442,1
3443,7
3444,16
3445,23
3446,20
3447,4
3448,1
3449,14
3450,5
3451,20
3452,16
3453,15
3454,5
3455,4
3456,21
3457,4
3458,12
3459,11
3460,23
3461,0
3462,7
3463,6
3464,9
3465,14
3466,5
3467,10
3468,9
3469,3
3470,7
3471,6
3472,21
3473,1
3474,21
3475,1
3476,3
3477,21
3478,4
3479,3
3480,1
3481,11
3482,11
3483,21
3484,19
3485,22
3486,17
3487,16
3488,5
3489,1
3490,3
3491,16
3492,11
3493,20
3494,16
3495,1
3496,7
3497,23
3498,15
3499,9
3500,13
3501,3
3502,15
3503,14
3504,7
3505,10
3506,6
3507,23
3508,13
3509,16
3510,1
3511,19
3512,1
3513,16
3514,3
3515,14
3516,5
3517,14
3518,3
3519,11
3520,15
3521,16
3522,9
3523,5
3524,12
3525,16
3526,5
3527,13
3528,11
3529,9
3530,8
3531,6
3532,4
3533,14
3534,4
3535,11
3536,16
3537,2
3538,9
3539,23
3540,4
3541,23
3542,23
3543,20
3544,14
3545,1
3546,3
3547,18
3548,10
3549,13
3550,4
3551,17
3552,2
3553,9
3554,8
3555,4
3556,9
3557,15
3558,9
3559,1
3560,2
3561,10
3562,19
3563,20
3564,7
3565,1
3566,4
3567,5
3568,5
3569,6
3570,7
3571,13
3572,16
3573,11
3574,7
3575,4
3576,6
3577,9
3578,19
3579,11
3580,1
3581,4
3582,15
3583,14
3584,23
3585,7
3586,13
3587,14
3588,2
3589,18
3590,16
3591,5
3592,18
3593,23
3594,3
3595,12
3596,21
3597,15
3598,19
3599,9
3600,7
3601,10
3602,1
3603,14
3604,10
3605,14
3606,21
3607,17
3608,4
3609,8
3610,7
3611,1
3612,7
3613,4
3614,23
3615,16
3616,17
3617,23
3618,13
3619,14
3620,19
3621,12
3622,20
3623,20
3624,6
3625,23
3626,19
3627,4
3628,7
3629,6
3630,12
3631,4
3632,9
3633,3
3634,9
3635,19
3636,11
3637,16
3638,17
3639,1
3640,2
3641,12
3642,14
3643,21
3644,16
3645,17
3646,6
3647,6
3648,10
3649,11
3650,8
3651,20
3652,20
3653,1
3654,4
3655,2
3656,12
3657,21
3658,4
3659,12
3660,16
3661,7
3662,6
3663,14
3664,23
3665,19
3666,1
3667,11
3668,2
3669,5
3670,13
3671,7
3672,23
3673,4
3674,16
3675,19
3676,0
3677,14
3678,11
3679,0
3680,6
3681,6
3682,5
3683,7
3684,9
3685,17
3686,11
3687,23
3688,14
3689,11
3690,22
3691,6
3692,12
3693,5
3694,0
3695,17
3696,10
3697,2
3698,10
3699,4
3700,7
3701,14
3702,4
3703,0
3704,17
3705,3
3706,8
3707,14
3708,4
3709,2
3710,3
3711,16
3712,18
3713,19
3714,4
3715,2
3716,12
3717,14
3718,15
3719,18
3720,23
3721,6
3722,5
3723,22
3724,5
3725,4
3726,20
3727,19
3728,20
3729,22
3730,21
3731,17
3732,1
3733,7
3734,5
3735,2
3736,21
3737,19
3738,11
3739,1
3740,21
3741,23
3742,10
3743,4
3744,3
3745,16
3746,16
3747,13
3748,4
3749,11
3750,4
3751,8
3752,23
3753,19
3754,11
3755,4
3756,8
3757,15
3758,6
3759,4
3760,10
3761,0
3762,18
3763,5
3764,17
3765,4
3766,19
3767,0
3768,4
3769,0
3770,10
3771,17
3772,10
3773,0
3774,19
3775,19
3776,6
3777,15
3778,7
3779,7
3780,7
3781,12
3782,19
3783,9
3784,22
3785,4
3786,1
3787,15
3788,4
3789,20
3790,5
3791,23
3792,23
3793,9
3794,8
3795,14
3796,1
3797,5
3798,16
3799,12
3800,23
3801,8
3802,8
3803,5
3804,16
3805,22
3806,13
3807,3
3808,16
3809,19
3810,1
3811,7
3812,7
3813,6
3814,17
3815,9
3816,21
3817,12
3818,8
3819,23
3820,23
3821,5
3822,21
3823,4
3824,8
3825,8
3826,17
3827,4
3828,23
3829,23
3830,17
3831,6
3832,7
3833,4
3834,4
3835,1
3836,21
3837,8
3838,14
3839,11
3840,23
3841,23
3842,17
3843,19
3844,4
3845,15
3846,11
3847,7
3848,6
3849,1
3850,4
3851,17
3852,4
3853,0
3854,1
3855,11
3856,14
3857,4
3858,20
3859,0
3860,12
3861,11
3862,15
3863,15
3864,1
3865,4
3866,8
3867,4
3868,7
3869,11
3870,5
3871,7
3872,1
3873,14
3874,22
3875,17
3876,17
3877,14
3878,23
3879,3
3880,7
3881,4
3882,14
3883,23
3884,20
3885,14
3886,21
3887,4
3888,18
3889,1
3890,11
3891,23
3892,13
3893,18
3894,7
3895,12
3896,3
3897,1
3898,22
3899,4
3900,1
3901,23
3902,8
3903,15
3904,0
3905,8
3906,14
3907,4
3908,6
3909,11
3910,3
3911,0
3912,0
3913,4
3914,1
3915,0
3916,23
3917,1
3918,6
3919,14
3920,4
3921,2
3922,4
3923,20
3924,23
3925,23
3926,13
3927,11
3928,22
3929,6
3930,6
3931,0
3932,10
3933,5
3934,9
3935,8
3936,11
3937,7
3938,2
3939,1
3940,15
3941,4
3942,2
3943,0
3944,13
3945,14
3946,4
3947,6
3948,4
3949,14
3950,9
3951,20
3952,23
3953,1
3954,8
3955,2
3956,13
3957,0
3958,8
3959,22
3960,10
3961,2
3962,14
3963,4
3964,18
3965,2
3966,0
3967,9
3968,6
3969,16
3970,14
3971,22
3972,9
3973,17
3974,21
3975,11
3976,12
3977,22
3978,12
3979,20
3980,17
3981,19
3982,5
3983,16
3984,18
3985,18
3986,19
3987,15
3988,1
3989,8
3990,4
3991,6
3992,5
3993,7
3994,15
3995,9
3996,18
3997,4
3998,12
3999,21
4000,9
4001,21
4002,3
4003,15
4004,20
4005,0
4006,14
4007,23
4008,4
4009,15
4010,15
4011,14
4012,7
4013,4
4014,23
4015,14
4016,9
4017,5
4018,1
4019,1
4020,6
4021,19
4022,7
4023,20
4024,4
4025,1
4026,9
4027,3
4028,3
4029,6
4030,4
4031,9
4032,20
4033,5
4034,17
4035,7
4036,18
4037,5
4038,3
4039,20
4040,0
4041,6
4042,20
4043,12
4044,23
4045,1
4046,14
4047,15
4048,11
4049,16
4050,13
4051,23
4052,7
4053,2
4054,14
4055,8
4056,6
4057,10
4058,5
4059,14
4060,4
4061,0
4062,9
4063,2
4064,12
4065,7
4066,4
4067,1
4068,12
4069,5
4070,23
4071,0
4072,2
4073,7
4074,19
4075,11
4076,2
4077,1
4078,10
4079,6
4080,3
4081,4
4082,0
4083,1
4084,19
4085,12
4086,4
4087,7
4088,16
4089,11
4090,3
4091,11
4092,3
4093,3
4094,8
4095,10
4096,8
4097,12
4098,15
4099,19
4100,7
4101,16
4102,6
4103,7
4104,12
4105,12
4106,19
4107,14
4108,11
4109,11
4110,22
4111,1
4112,5
4113,7
4114,18
4115,12
4116,16
4117,8
4118,19
4119,3
4120,22
4121,6
4122,1
4123,9
4124,3
4125,12
4126,15
4127,0
4128,3
4129,7
4130,7
4131,21
4132,23
4133,2
4134,20
4135,4
4136,0
4137,17
4138,20
4139,1
4140,20
4141,0
4142,5
4143,2
4144,12
4145,22
4146,4
4147,9
4148,6
4149,8
4150,23
4151,20
4152,5
4153,21
4154,0
4155,16
4156,20
4157,4
4158,3
4159,19
4160,3
4161,18
4162,5
4163,6
4164,1
4165,5
4166,10
4167,16
4168,14
4169,1
4170,13
4171,8
4172,7
4173,16
4174,23
4175,16
4176,17
4177,1
4178,1
4179,3
4180,16
4181,8
4182,10
4183,4
4184,7
4185,19
4186,4
4187,6
4188,6
4189,5
4190,4
4191,7
4192,4
4193,7
4194,17
4195,14
4196,4
4197,7
4198,14
4199,2
4200,2
4201,2
4202,3
4203,5
4204,4
4205,13
4206,20
4207,0
4208,7
4209,22
4210,9
4211,1
4212,10
4213,22
4214,4
4215,12
4216,5
4217,4
4218,1
4219,4
4220,7
4221,7
4222,11
4223,20
4224,21
4225,23
4226,18
4227,12
4228,12
4229,4
4230,2
4231,3
4232,21
4233,12
4234,20
4235,19
4236,23
4237,16
4238,11
4239,11
4240,17
4241,20
4242,20
4243,1
4244,14
4245,14
4246,16
4247,8
4248,0
4249,4
4250,11
4251,0
4252,6
4253,4
4254,4
4255,1
4256,16
4257,20
4258,18
4259,19
4260,0
4261,6
4262,10
4263,8
4264,6
4265,9
4266,9
4267,0
4268,7
4269,2
4270,3
4271,15
4272,1
4273,3
4274,0
4275,8
4276,9
4277,0
4278,6
4279,4
4280,14
4281,2
4282,17
4283,3
4284,10
4285,17
4286,23
4287,16
4288,4
4289,4
4290,8
4291,18
4292,4
4293,19
4294,11
4295,5
4296,13
4297,20
4298,2
4299,9
4300,8
4301,7
4302,20
4303,2
4304,9
4305,6
4306,18
4307,11
4308,16
4309,7
4310,17
4311,3
4312,2
4313,4
4314,2
4315,20
4316,19
4317,14
4318,1
4319,4
4320,13
4321,2
4322,1
4323,23
4324,13
4325,10
4326,17
4327,9
4328,11
4329,12
4330,14
4331,15
4332,13
4333,11
4334,4
4335,17
4336,7
4337,14
4338,8
4339,5
4340,14
4341,0
4342,14
4343,8
4344,2
4345,4
4346,20
4347,2
4348,6
4349,19
4350,0
4351,5
4352,16
4353,8
4354,11
4355,8
4356,2
4357,20
4358,11
4359,23
4360,7
4361,16
4362,18
4363,17
4364,23
4365,6
4366,3
4367,23
4368,5
4369,2
4370,7
4371,19
4372,19
4373,11
4374,20
4375,7
4376,21
4377,6
4378,0
4379,2
4380,0
4381,18
4382,0
4383,11
4384,12
4385,20
4386,2
4387,1
4388,22
4389,7
4390,11
4391,18
4392,12
4393,15
4394,11
4395,4
4396,6
4397,14
4398,3
4399,7
4400,1
4401,6
4402,1
4403,11
4404,20
4405,17
4406,22
4407,3
4408,3
4409,15
4410,12
4411,0
4412,0
4413,2
4414,8
4415,18
4416,16
4417,15
4418,1
4419,9
4420,20
4421,5
4422,16
4423,23
4424,10
4425,8
4426,14
4427,7
4428,2
4429,7
4430,8
4431,11
4432,14
4433,13
4434,4
4435,4
4436,4
4437,4
4438,15
4439,19
4440,5
4441,23
4442,16
4443,19
4444,1
4445,17
4446,2
4447,14
4448,7
4449,22
4450,11
4451,17
4452,4
4453,3
4454,6
4455,21
4456,19
4457,14
4458,10
4459,1
4460,2
4461,10
4462,8
4463,17
4464,5
4465,10
4466,4
4467,1
4468,7
4469,7
4470,8
4471,16
4472,2
4473,18
4474,23
4475,1
4476,9
4477,1
4478,23
4479,7
4480,19
4481,18
4482,6
4483,4
4484,17
4485,7
4486,14
4487,17
4488,7
4489,12
4490,1
4491,17
4492,10
4493,20
4494,8
4495,21
4496,17
4497,4
4498,6
4499,7
4500,14
4501,7
4502,11
4503,15
4504,6
4505,17
4506,16
4507,10
4508,17
4509,4
4510,10
4511,4
4512,3
4513,11
4514,13
4515,6
4516,21
4517,2
4518,12
4519,5
4520,14
4521,22
4522,23
4523,11
4524,23
4525,5
4526,16
4527,4
4528,21
4529,3
4530,12
4531,17
4532,3
4533,14
4534,1
4535,12
4536,7
4537,22
4538,0
4539,3
4540,4
4541,11
4542,20
4543,17
4544,10
4545,16
4546,7
4547,3
4548,5
4549,3
4550,2
4551,23
4552,16
4553,22
4554,14
4555,7
4556,2
4557,4
4558,7
4559,12
4560,17
4561,19
4562,11
4563,6
4564,6
4565,16
4566,6
4567,3
4568,9
4569,14
4570,15
4571,11
4572,1
4573,4
4574,3
4575,1
4576,7
4577,23
4578,14
4579,23
4580,9
4581,6
4582,14
4583,4
4584,6
4585,9
4586,18
4587,6
4588,15
4589,8
4590,18
4591,4
4592,0
4593,2
4594,17
4595,16
4596,2
4597,17
4598,5
4599,6
4600,21
4601,6
4602,6
4603,9
4604,0
4605,19
4606,19
4607,17
4608,0
4609,0
4610,17
4611,7
4612,8
4613,17
4614,18
4615,4
4616,20
4617,16
4618,9
4619,17
4620,23
4621,15
4622,4
4623,15
4624,10
4625,6
4626,7
4627,20
4628,7
4629,7
4630,20
4631,19
4632,11
4633,8
4634,23
4635,20
4636,15
4637,8
4638,9
4639,16
4640,18
4641,0
4642,23
4643,4
4644,7
4645,18
4646,4
4647,0
4648,2
4649,4
4650,0
4651,16
4652,13
4653,19
4654,3
4655,6
4656,2
4657,5
4658,16
4659,14
4660,1
4661,2
4662,17
4663,5
4664,11
4665,14
4666,1
4667,5
4668,6
4669,17
4670,2
4671,4
4672,1
4673,7
4674,19
4675,12
4676,16
4677,2
4678,3
4679,12
4680,19
4681,14
4682,11
4683,5
4684,19
4685,16
4686,20
4687,7
4688,6
4689,15
4690,3
4691,8
4692,11
4693,13
4694,6
4695,0
4696,11
4697,19
4698,11
4699,15
4700,4
4701,11
4702,8
4703,18
4704,15
4705,5
4706,8
4707,7
4708,1
4709,14
4710,21
4711,11
4712,6
4713,13
4714,13
4715,5
4716,1
4717,2
4718,6
4719,20
4720,20
4721,4
4722,0
4723,13
4724,22
4725,4
4726,22
4727,4
4728,8
4729,6
4730,15
4731,15
4732,3
4733,22
4734,21
4735,15
4736,17
4737,23
4738,23
4739,21
4740,5
4741,9
4742,10
4743,8
4744,5
4745,2
4746,18
4747,20
4748,8
4749,9
4750,12
4751,7
4752,4
4753,17
4754,23
4755,12
4756,16
4757,14
4758,14
4759,4
4760,10
4761,5
4762,0
4763,11
4764,14
4765,18
4766,1
4767,2
4768,14
4769,21
4770,11
4771,13
4772,3
4773,14
4774,12
4775,14
4776,19
4777,2
4778,21
4779,20
4780,9
4781,0
4782,16
4783,14
4784,11
4785,4
4786,2
4787,20
4788,6
4789,20
4790,6
4791,17
4792,7
4793,7
4794,3
4795,1
4796,16
4797,5
4798,11
4799,4
4800,4
4801,12
4802,22
4803,20
4804,14
4805,4
4806,7
4807,0
4808,7
4809,16
4810,5
4811,11
4812,5
4813,2
4814,14
4815,4
4816,12
4817,20
4818,15
4819,2
4820,9
4821,22
4822,11
4823,14
4824,7
4825,10
4826,16
4827,3
4828,7
4829,16
4830,21
4831,10
4832,2
4833,19
4834,14
4835,10
4836,9
4837,11
4838,4
4839,1
4840,4
4841,14
4842,14
4843,6
4844,4
4845,3
4846,22
4847,19
4848,15
4849,3
4850,23
4851,4
4852,20
4853,1
4854,1
4855,12
4856,19
4857,1
4858,23
4859,22
4860,2
4861,7
4862,10
4863,9
4864,5
4865,17
4866,17
4867,0
4868,3
4869,19
4870,6
4871,2
4872,4
4873,4
4874,18
4875,1
4876,6
4877,7
4878,9
4879,23
4880,11
4881,9
4882,19
4883,10
4884,15
4885,7
4886,21
4887,19
4888,10
4889,12
4890,2
4891,6
4892,5
4893,4
4894,4
4895,6
4896,4
4897,17
4898,16
4899,3
4900,17
4901,16
4902,17
4903,4
4904,4
4905,20
4906,11
4907,1
4908,0
4909,22
4910,14
4911,19
4912,17
4913,22
4914,14
4915,14
4916,15
4917,3
4918,3
4919,17
4920,4
4921,14
4922,16
4923,1
4924,7
4925,22
4926,3
4927,8
4928,20
4929,11
4930,1
4931,13
4932,6
4933,17
4934,4
4935,16
4936,12
4937,10
4938,8
4939,3
4940,10
4941,4
4942,5
4943,4
4944,23
4945,19
4946,9
4947,4
4948,22
4949,10
4950,5
4951,15
4952,16
4953,1
4954,23
4955,7
4956,20
4957,19
4958,14
4959,11
4960,4
4961,16
4962,3
4963,4
4964,20
4965,5
4966,2
4967,7
4968,9
4969,3
4970,1
4971,3
4972,7
4973,6
4974,4
4975,12
4976,5
4977,4
4978,1
4979,23
4980,12
4981,9
4982,21
4983,8
4984,10
4985,14
4986,18
4987,9
4988,14
4989,15
4990,1
4991,18
4992,14
4993,11
4994,5
4995,15
4996,6
4997,2
4998,16
4999,5
5000,12
5001,23
5002,18
5003,2
5004,7
5005,2
5006,0
5007,11
5008,3
5009,10
5010,7
5011,1
5012,2
5013,0
5014,14
5015,11
5016,3
5017,15
5018,6
5019,0
5020,23
5021,7
5022,15
5023,10
5024,23
5025,9
5026,7
5027,7
5028,2
5029,4
5030,4
5031,14
5032,19
5033,11
5034,17
5035,1
5036,21
5037,22
5038,11
5039,6
5040,18
5041,4
5042,1
5043,5
5044,10
5045,13
5046,0
5047,11
5048,9
5049,5
5050,12
5051,13
5052,8
5053,4
5054,16
5055,8
5056,5
5057,2
5058,0
5059,6
5060,18
5061,17
5062,3
5063,0
5064,10
5065,2
5066,18
5067,6
5068,15
5069,19
5070,1
5071,10
5072,14
5073,9
5074,17
5075,0
5076,4
5077,21
5078,19
5079,14
5080,16
5081,11
5082,0
5083,12
5084,2
5085,10
5086,17
5087,11
5088,12
5089,3
5090,15
5091,18
5092,13
5093,15
5094,7
5095,7
5096,13
5097,2
5098,17
5099,5
5100,3
5101,5
5102,5
5103,14
5104,11
5105,3
5106,16
5107,8
5108,11
5109,17
5110,9
5111,13
5112,20
5113,4
5114,9
5115,1
5116,21
5117,3
5118,8
5119,23
5120,6
5121,16
5122,1
5123,14
5124,19
5125,4
5126,22
5127,19
5128,2
5129,12
5130,7
5131,3
5132,2
5133,4
5134,7
5135,8
5136,10
5137,17
5138,15
5139,3
5140,9
5141,11
5142,3
5143,2
5144,4
5145,1
5146,1
5147,1
5148,23
5149,14
5150,4
5151,12
5152,2
5153,7
5154,22
5155,23
5156,22
5157,3
5158,14
5159,17
5160,7
5161,1
5162,9
5163,17
5164,1
5165,1
5166,21
5167,4
5168,6
5169,18
5170,4
5171,19
5172,2
5173,16
5174,16
5175,11
5176,19
5177,10
5178,20
5179,1
5180,14
5181,1
5182,17
5183,23
5184,5
5185,15
5186,21
5187,5
5188,23
5189,6
5190,17
5191,11
5192,9
5193,15
5194,14
5195,13
5196,21
5197,4
5198,8
5199,4
5200,12
5201,2
5202,7
5203,7
5204,21
5205,22
5206,1
5207,17
5208,14
5209,19
5210,6
5211,5
5212,3
5213,20
5214,19
5215,18
5216,10
5217,3
5218,15
5219,10
5220,0
5221,5
5222,4
5223,4
5224,10
5225,19
5226,23
5227,7
5228,5
5229,6
5230,13
5231,14
5232,4
5233,4
5234,18
5235,19
5236,15
5237,20
5238,18
5239,14
5240,12
5241,12
5242,22
5243,20
5244,4
5245,7
5246,12
5247,14
5248,15
5249,4
5250,22
5251,0
5252,4
5253,15
5254,17
5255,0
5256,19
5257,2
5258,2
5259,23
5260,22
5261,19
5262,6
5263,11
5264,3
5265,15
5266,16
5267,1
5268,1
5269,9
5270,4
5271,19
5272,5
5273,10
5274,4
5275,4
5276,0
5277,20
5278,10
5279,21
5280,5
5281,0
5282,17
5283,2
5284,22
5285,0
5286,11
5287,0
5288,16
5289,0
5290,7
5291,2
5292,7
5293,19
5294,1
5295,19
5296,16
5297,2
5298,3
5299,1
5300,5
5301,6
5302,1
5303,4
5304,4
5305,21
5306,19
5307,4
5308,3
5309,7
5310,10
5311,2
5312,6
5313,1
5314,7
5315,5
5316,5
5317,12
5318,11
5319,8
5320,12
5321,5
5322,22
5323,18
5324,7
5325,13
5326,22
5327,20
5328,4
5329,2
5330,1
5331,2
5332,21
5333,4
5334,1
5335,15
5336,8
5337,7
5338,7
5339,22
5340,7
5341,17
5342,1
5343,14
5344,12
5345,4
5346,4
5347,8
5348,20
5349,10
5350,5
5351,13
5352,7
5353,4
5354,2
5355,2
5356,23
5357,9
5358,14
5359,7
5360,20
5361,0
5362,4
5363,15
5364,14
5365,2
5366,23
5367,21
5368,9
5369,22
5370,2
5371,23
5372,22
5373,16
5374,18
5375,4
5376,20
5377,1
5378,0
5379,4
5380,7
5381,6
5382,18
5383,7
5384,9
5385,10
5386,9
5387,7
5388,6
5389,10
5390,23
5391,23
5392,14
5393,12
5394,18
5395,14
5396,17
5397,1
5398,8
5399,17
5400,4
5401,1
5402,22
5403,4
5404,0
5405,4
5406,18
5407,1
5408,14
5409,1
5410,1
5411,12
5412,2
5413,16
5414,15
5415,3
5416,12
5417,22
5418,15
5419,21
5420,18
5421,15
5422,4
5423,19
5424,4
5425,5
5426,7
5427,11
5428,23
5429,4
5430,5
5431,11
5432,14
5433,14
5434,0
5435,18
5436,5
5437,1
5438,9
5439,21
5440,7
5441,19
5442,1
5443,14
5444,22
5445,10
5446,11
5447,20
5448,21
5449,7
5450,4
5451,20
5452,18
5453,18
5454,9
5455,21
5456,6
5457,10
5458,21
5459,1
5460,10
5461,1
5462,20
5463,4
5464,9
5465,19
5466,4
5467,15
5468,11
5469,7
5470,20
5471,4
5472,16
5473,18
5474,4
5475,22
5476,19
5477,11
5478,12
5479,15
5480,15
5481,6
5482,19
5483,18
5484,9
5485,23
5486,1
5487,22
5488,17
5489,21
5490,13
5491,6
5492,11
5493,1
5494,2
5495,1
5496,6
5497,16
5498,5
5499,16
5500,7
5501,7
5502,13
5503,7
5504,2
5505,4
5506,2
5507,7
5508,22
5509,22
5510,12
5511,7
5512,3
5513,4
5514,15
5515,19
5516,8
5517,7
5518,5
5519,7
5520,11
5521,3
5522,3
5523,22
5524,8
5525,22
5526,19
5527,6
5528,21
5529,14
5530,16
5531,17
5532,21
5533,18
5534,14
5535,17
5536,3
5537,2
5538,9
5539,18
5540,7
5541,23
5542,0
5543,22
5544,7
5545,5
5546,23
5547,2
5548,4
5549,17
5550,20
5551,2
5552,13
5553,19
5554,12
5555,8
5556,19
5557,23
5558,3
5559,5
5560,23
5561,4
5562,17
5563,18
5564,1
5565,4
5566,15
5567,22
5568,7
5569,4
5570,3
5571,4
5572,19
5573,1
5574,7
5575,10
5576,4
5577,4
5578,3
5579,3
5580,19
5581,6
5582,23
5583,14
5584,3
5585,5
5586,2
5587,20
5588,0
5589,7
5590,15
5591,5
5592,7
5593,10
5594,18
5595,6
5596,17
5597,12
5598,11
5599,1
5600,0
5601,3
5602,16
5603,20
5604,23
5605,18
5606,5
5607,12
5608,8
5609,2
5610,17
5611,22
5612,13
5613,9
5614,18
5615,5
5616,16
5617,7
5618,4
5619,2
5620,15
5621,15
5622,5
5623,14
5624,11
5625,14
5626,4
5627,11
5628,15
5629,2
5630,4
5631,20
5632,17
5633,14
5634,16
5635,14
5636,13
5637,2
5638,7
5639,1
5640,17
5641,3
5642,4
5643,7
5644,10
5645,20
5646,4
5647,11
5648,23
5649,19
5650,14
5651,7
5652,12
5653,23
5654,11
5655,11
5656,3
5657,14
5658,11
5659,23
5660,8
5661,10
5662,23
5663,18
5664,19
5665,1
5666,9
5667,1
5668,4
5669,8
5670,2
5671,9
5672,21
5673,2
5674,0
5675,11
5676,10
5677,17
5678,17
5679,1
5680,18
5681,3
5682,12
5683,22
5684,11
5685,2
5686,11
5687,22
5688,1
5689,4
5690,7
5691,10
5692,3
5693,3
5694,9
5695,21
5696,1
5697,10
5698,4
5699,10
5700,1
5701,4
5702,20
5703,6
5704,17
5705,4
5706,14
5707,7
5708,12
5709,21
5710,18
5711,15
5712,12
5713,1
5714,17
5715,19
5716,0
5717,2
5718,9
5719,1
5720,14
5721,4
5722,14
5723,1
5724,5
5725,4
5726,20
5727,4
5728,4
5729,21
5730,7
5731,21
5732,4
5733,11
5734,0
5735,23
5736,21
5737,0
5738,9
5739,17
5740,15
5741,21
5742,4
5743,5
5744,18
5745,1
5746,4
5747,7
5748,20
5749,15
5750,0
5751,4
5752,1
5753,4
5754,11
5755,2
5756,11
5757,18
5758,23
5759,23
5760,11
5761,11
5762,8
5763,5
5764,19
5765,16
5766,2
5767,8
5768,22
5769,23
5770,18
5771,2
5772,9
5773,11
5774,5
5775,16
5776,0
5777,10
5778,11
5779,12
5780,23
5781,2
5782,7
5783,20
5784,15
5785,7
5786,12
5787,11
5788,23
5789,7
5790,23
5791,9
5792,20
5793,18
5794,15
5795,0
5796,17
5797,2
5798,5
5799,19
5800,11
5801,20
5802,4
5803,14
5804,3
5805,17
5806,3
5807,4
5808,17
5809,14
5810,2
5811,16
5812,22
5813,4
5814,4
5815,21
5816,7
5817,20
5818,15
5819,2
5820,22
5821,1
5822,5
5823,14
5824,19
5825,2
5826,21
5827,21
5828,17
5829,23
5830,11
5831,19
5832,0
5833,0
5834,5
5835,5
5836,7
5837,9
5838,7
5839,1
5840,0
5841,0
5842,12
5843,12
5844,17
5845,22
5846,17
5847,16
5848,23
5849,16
5850,19
5851,11
5852,5
5853,11
5854,1
5855,16
5856,0
5857,15
5858,21
5859,19
5860,21
5861,1
5862,4
5863,18
5864,5
5865,22
5866,0
5867,12
5868,21
5869,17
5870,23
5871,5
5872,20
5873,7
5874,7
5875,4
5876,12
5877,4
5878,4
5879,16
5880,1
5881,7
5882,1
5883,23
5884,7
5885,2
5886,4
5887,20
5888,2
5889,2
5890,1
5891,17
5892,12
5893,16
5894,11
5895,1
5896,12
5897,17
5898,0
5899,2
5900,1
5901,0
5902,20
5903,19
5904,4
5905,23
5906,7
5907,22
5908,2
5909,10
5910,18
5911,4
5912,4
5913,2
5914,1
5915,19
5916,22
5917,9
5918,23
5919,18
5920,11
5921,5
5922,0
5923,11
5924,20
5925,1
5926,19
5927,6
5928,5
5929,14
5930,4
5931,3
5932,15
5933,5
5934,11
5935,7
5936,4
5937,20
5938,10
5939,9
5940,5
5941,18
5942,0
5943,6
5944,0
5945,16
5946,18
5947,23
5948,14
5949,4
5950,11
5951,18
5952,15
5953,11
5954,1
5955,12
5956,11
5957,4
5958,23
5959,0
5960,12
5961,0
5962,14
5963,4
5964,1
5965,19
5966,6
5967,10
5968,3
5969,1
5970,4
5971,17
5972,0
5973,15
5974,22
5975,14
5976,9
5977,10
5978,11
5979,4
5980,9
5981,21
5982,19
5983,4
5984,4
5985,5
5986,19
5987,13
5988,0
5989,5
5990,7
5991,7
5992,12
5993,4
5994,15
5995,7
5996,17
5997,9
5998,2
5999,11
6000,9
6001,5
6002,16
6003,13
6004,17
6005,4
6006,14
6007,23
6008,5
6009,22
6010,5
6011,4
6012,23
6013,10
6014,10
6015,23
6016,18
6017,4
6018,4
6019,7
6020,15
6021,15
6022,10
6023,1
6024,5
6025,19
6026,10
6027,6
6028,1
6029,7
6030,11
6031,6
6032,10
6033,6
6034,17
6035,1
6036,7
6037,16
6038,0
6039,4
6040,0
6041,8
6042,16
6043,7
6044,7
6045,4
6046,11
6047,3
6048,23
6049,4
6050,14
6051,0
6052,15
6053,21
6054,4
6055,10
6056,20
6057,12
6058,5
6059,0
6060,6
6061,11
6062,13
6063,9
6064,6
6065,6
6066,23
6067,20
6068,11
6069,5
6070,14
6071,4
6072,17
6073,12
6074,16
6075,5
6076,16
6077,5
6078,15
6079,11
6080,14
6081,19
6082,3
6083,11
6084,11
6085,1
6086,14
6087,13
6088,21
6089,14
6090,6
6091,19
6092,9
6093,4
6094,1
6095,7
6096,4
6097,4
6098,4
6099,10
6100,23
6101,4
6102,10
6103,16
6104,0
6105,9
6106,21
6107,22
6108,2
6109,7
6110,4
6111,5
6112,1
6113,14
6114,4
6115,23
6116,4
6117,14
6118,11
6119,8
6120,6
6121,9
6122,6
6123,5
6124,15
6125,0
6126,15
6127,23
6128,4
6129,15
6130,23
6131,0
6132,23
6133,23
6134,12
6135,23
6136,4
6137,4
6138,8
6139,19
6140,0
6141,0
6142,14
6143,11
6144,16
6145,7
6146,23
6147,2
6148,17
6149,19
6150,7
6151,19
6152,2
6153,0
6154,2
6155,16
6156,5
6157,4
6158,2
6159,20
6160,21
6161,19
6162,2
6163,10
6164,20
6165,8
6166,11
6167,4
6168,10
6169,7
6170,12
6171,11
6172,14
6173,5
6174,15
6175,4
6176,3
6177,13
6178,14
6179,5
6180,7
6181,13
6182,23
6183,17
6184,5
6185,16
6186,2
6187,7
6188,9
6189,17
6190,16
6191,8
6192,16
6193,4
6194,6
6195,0
6196,12
6197,12
6198,14
6199,10
6200,14
6201,11
6202,23
6203,15
6204,5
6205,1
6206,2
6207,16
6208,5
6209,23
6210,7
6211,0
6212,17
6213,5
6214,17
6215,7
6216,9
6217,12
6218,8
6219,15
6220,12
6221,4
6222,19
6223,4
6224,3
6225,7
6226,4
6227,17
6228,10
6229,3
6230,13
6231,9
6232,17
6233,6
6234,0
6235,13
6236,11
6237,13
6238,14
6239,7
6240,19
6241,13
6242,2
6243,10
6244,13
6245,21
6246,6
6247,23
6248,7
6249,17
6250,9
6251,0
6252,19
6253,8
6254,21
6255,3
6256,19
6257,17
6258,2
6259,3
6260,15
6261,20
6262,14
6263,5
6264,4
6265,17
6266,14
6267,7
6268,7
6269,3
6270,4
6271,23
6272,23
6273,7
6274,19
6275,23
6276,5
6277,10
6278,20
6279,1
6280,14
6281,10
6282,23
6283,14
6284,9
6285,5
6286,12
6287,6
6288,14
6289,0
6290,21
6291,14
6292,10
6293,7
6294,14
6295,5
6296,2
6297,8
6298,4
6299,14
6300,21
6301,0
6302,15
6303,10
6304,4
6305,13
6306,13
6307,10
6308,12
6309,18
6310,5
6311,7
6312,14
6313,21
6314,19
6315,7
6316,3
6317,22
6318,7
6319,12
6320,8
6321,4
6322,0
6323,19
6324,14
6325,4
6326,19
6327,11
6328,18
6329,5
6330,7
6331,21
6332,9
6333,6
6334,6
6335,20
6336,4
6337,7
6338,0
6339,7
6340,10
6341,10
6342,3
6343,21
6344,14
6345,16
6346,0
6347,5
6348,12
6349,5
6350,15
6351,23
6352,1
6353,12
6354,21
6355,19
6356,23
6357,12
6358,4
6359,4
6360,4
6361,22
6362,1
6363,17
6364,3
6365,7
6366,14
6367,0
6368,22
6369,3
6370,5
6371,14
6372,12
6373,20
6374,8
6375,5
6376,7
6377,16
6378,4
6379,4
6380,7
6381,4
6382,7
6383,2
6384,1
6385,9
6386,18
6387,6
6388,2
6389,4
6390,0
6391,4
6392,7
6393,9
6394,4
6395,9
6396,0
6397,2
6398,5
6399,4
6400,8
6401,1
6402,4
6403,13
6404,7
6405,16
6406,4
6407,14
6408,16
6409,0
6410,1
6411,13
6412,22
6413,22
6414,9
6415,20
6416,1
6417,17
6418,10
6419,12
6420,5
6421,16
6422,4
6423,8
6424,9
6425,0
6426,7
6427,10
6428,4
6429,13
6430,6
6431,19
6432,21
6433,2
6434,4
6435,21
6436,18
6437,6
6438,15
6439,15
6440,19
6441,16
6442,7
6443,18
6444,1
6445,22
6446,18
6447,1
6448,21
6449,4
6450,7
6451,16
6452,23
6453,4
6454,4
6455,22
6456,12
6457,2
6458,7
6459,1
6460,14
6461,13
6462,23
6463,20
6464,18
6465,14
6466,1
6467,7
6468,1
6469,23
6470,12
6471,23
6472,10
6473,6
6474,4
6475,10
6476,19
6477,3
6478,15
6479,14
6480,9
6481,20
6482,1
6483,22
6484,15
6485,16
6486,2
6487,5
6488,19
6489,7
6490,6
6491,16
6492,1
6493,3
6494,19
6495,23
6496,9
6497,2
6498,7
6499,18
6500,14
6501,3
6502,4
6503,3
6504,7
6505,16
6506,14
6507,8
6508,8
6509,20
6510,11
6511,0
6512,15
6513,4
6514,15
6515,11
6516,8
6517,1
6518,6
6519,10
6520,15
6521,22
6522,4
6523,7
6524,14
6525,11
6526,9
6527,5
6528,11
6529,10
6530,5
6531,13
6532,7
6533,20
6534,3
6535,5
6536,9
6537,19
6538,17
6539,1
6540,2
6541,0
6542,17
6543,8
6544,20
6545,19
6546,17
6547,5
6548,22
6549,19
6550,20
6551,23
6552,21
6553,22
6554,15
6555,10
6556,0
6557,19
6558,16
6559,5
6560,7
6561,1
6562,1
6563,10
6564,6
6565,4
6566,20
6567,19
6568,6
6569,12
6570,3
6571,15
6572,1
6573,20
6574,18
6575,10
6576,4
6577,6
6578,18
6579,0
6580,3
6581,20
6582,11
6583,12
6584,9
6585,12
6586,7
6587,2
6588,16
6589,21
6590,17
6591,14
6592,10
6593,15
6594,16
6595,2
6596,13
6597,22
6598,22
6599,4
6600,9
6601,7
6602,7
6603,22
6604,2
6605,12
6606,4
6607,0
6608,1
6609,6
6610,6
6611,11
6612,3
6613,1
6614,5
6615,0
6616,13
6617,11
6618,19
6619,19
6620,2
6621,23
6622,14
6623,5
6624,1
6625,10
6626,1
6627,3
6628,4
6629,9
6630,10
6631,11
6632,7
6633,6
6634,2
6635,6
6636,0
6637,8
6638,23
6639,14
6640,12
6641,15
6642,22
6643,1
6644,0
6645,13
6646,13
6647,14
6648,1
6649,6
6650,19
6651,14
6652,23
6653,6
6654,3
6655,21
6656,4
6657,3
6658,20
6659,20
6660,13
6661,4
6662,4
6663,3
6664,14
6665,14
6666,1
6667,4
6668,23
6669,22
6670,19
6671,15
6672,7
6673,12
6674,21
6675,5
6676,14
6677,21
6678,22
6679,4
6680,8
6681,7
6682,12
6683,18
6684,18
6685,1
6686,17
6687,19
6688,12
6689,5
6690,17
6691,8
6692,7
6693,19
6694,2
6695,2
6696,11
6697,18
6698,20
6699,15
6700,20
6701,20
6702,2
6703,4
6704,23
6705,4
6706,2
6707,7
6708,1
6709,4
6710,19
6711,14
6712,1
6713,7
6714,2
6715,12
6716,17
6717,14
6718,21
6719,6
6720,2
6721,0
6722,0
6723,15
6724,13
6725,0
6726,10
6727,14
6728,2
6729,11
6730,10
6731,6
6732,3
6733,15
6734,4
6735,9
6736,4
6737,14
6738,6
6739,7
6740,17
6741,10
6742,12
6743,19
6744,5
6745,3
6746,21
6747,4
6748,22
6749,22
6750,4
6751,12
6752,14
6753,4
6754,0
6755,4
6756,8
6757,2
6758,7
6759,15
6760,21
6761,19
6762,11
6763,19
6764,18
6765,10
6766,7
6767,1
6768,20
6769,11
6770,4
6771,16
6772,2
6773,7
6774,20
6775,0
6776,7
6777,3
6778,5
6779,10
6780,4
6781,1
6782,17
6783,9
6784,23
6785,0
6786,4
6787,12
6788,9
6789,20
6790,23
6791,14
6792,20
6793,20
6794,21
6795,16
6796,8
6797,8
6798,9
6799,12
6800,8
6801,16
6802,14
6803,4
6804,6
6805,7
6806,23
6807,21
6808,11
6809,11
6810,20
6811,5
6812,10
6813,7
6814,21
6815,10
6816,14
6817,5
6818,2
6819,23
6820,6
6821,5
6822,4
6823,20
6824,2
6825,16
6826,8
6827,0
6828,4
6829,4
6830,7
6831,22
6832,1
6833,9
6834,17
6835,3
6836,5
6837,6
6838,9
6839,12
6840,19
6841,12
6842,17
6843,0
6844,6
6845,2
6846,2
6847,23
6848,0
6849,8
6850,4
6851,17
6852,7
6853,18
6854,6
6855,23
6856,22
6857,20
6858,20
6859,5
6860,18
6861,1
6862,2
6863,12
6864,19
6865,0
6866,7
6867,8
6868,14
6869,6
6870,1
6871,2
6872,4
6873,21
6874,14
6875,15
6876,21
6877,8
6878,0
6879,10
6880,15
6881,14
6882,21
6883,2
6884,13
6885,6
6886,10
6887,7
6888,3
6889,23
6890,6
6891,11
6892,14
6893,10
6894,20
6895,22
6896,14
6897,4
6898,15
6899,3
6900,2
6901,4
6902,0
6903,19
6904,15
6905,6
6906,2
6907,1
6908,5
6909,11
6910,10
6911,13
6912,6
6913,0
6914,21
6915,19
6916,2
6917,2
6918,20
6919,4
6920,2
6921,0
6922,3
6923,10
6924,14
6925,11
6926,0
6927,0
6928,4
6929,11
6930,15
6931,6
6932,19
6933,5
6934,7
6935,3
6936,17
6937,11
6938,17
6939,23
6940,20
6941,4
6942,12
6943,0
6944,12
6945,11
6946,17
6947,13
6948,17
6949,22
6950,4
6951,9
6952,3
6953,20
6954,15
6955,7
6956,23
6957,5
6958,23
6959,14
6960,2
6961,10
6962,19
6963,5
6964,21
6965,8
6966,0
6967,15
6968,8
6969,1
6970,8
6971,1
6972,3
6973,19
6974,21
6975,13
6976,14
6977,1
6978,1
6979,20
6980,0
6981,9
6982,15
6983,5
6984,4
6985,6
6986,14
6987,0
6988,19
6989,12
6990,14
6991,19
6992,12
6993,7
6994,5
6995,14
6996,4
6997,23
6998,10
6999,4
7000,2
7001,20
7002,5
7003,11
7004,6
7005,22
7006,23
7007,3
7008,20
7009,7
7010,9
7011,14
7012,3
7013,6
7014,1
7015,0
7016,11
7017,0
7018,9
7019,2
7020,7
7021,2
7022,14
7023,4
7024,16
7025,8
7026,3
7027,22
7028,6
7029,13
7030,19
7031,11
7032,18
7033,20
7034,3
7035,23
7036,4
7037,10
7038,10
7039,7
7040,16
7041,4
7042,14
7043,14
7044,20
7045,4
7046,11
7047,2
7048,7
7049,9
7050,4
7051,7
7052,14
7053,7
7054,23
7055,7
7056,14
7057,18
7058,14
7059,17
7060,13
7061,4
7062,17
7063,20
7064,14
7065,9
7066,2
7067,23
7068,14
7069,10
7070,3
7071,6
7072,10
7073,4
7074,7
7075,3
7076,23
7077,0
7078,10
7079,4
7080,10
7081,2
7082,0
7083,0
7084,9
7085,20
7086,4
7087,3
7088,8
7089,11
7090,9
7091,6
7092,8
7093,3
7094,15
7095,7
7096,6
7097,2
7098,15
7099,14
7100,3
7101,14
7102,15
7103,2
7104,0
7105,19
7106,6
7107,4
7108,23
7109,15
7110,20
7111,4
7112,23
7113,8
7114,23
7115,5
7116,1
7117,11
7118,7
7119,14
7120,16
7121,14
7122,12
7123,7
7124,12
7125,16
7126,22
7127,8
7128,9
7129,3
7130,20
7131,7
7132,0
7133,4
7134,0
7135,0
7136,23
7137,10
7138,6
7139,9
7140,15
7141,5
7142,20
7143,0
7144,12
7145,17
7146,4
7147,17
7148,15
7149,7
7150,3
7151,14
7152,18
7153,9
7154,4
7155,8
7156,22
7157,18
7158,7
7159,11
7160,3
7161,18
7162,23
7163,17
7164,4
7165,13
7166,8
7167,4
7168,9
7169,11
7170,2
7171,4
7172,2
